"","Cadence de liquidation","Cadence de liquidation (%)"
"1","0.0777923035781007","7.78%"
"2","0.212464208108432","21.25%"
"3","0.200000015464514","20%"
"4","0.159954737828278","16%"
"5","0.11508961449327","11.51%"
"6","0.0888300241609955","8.88%"
"7","0.0499633766344692","5%"
"8","0.0406905028945207","4.07%"
"9","0.0221139199565833","2.21%"
"10","0.017002420300315","1.7%"
"11","0.0160988765805214","1.61%"